Question,Conclusion
Should entrapment be legalized,Entrapment should be legalized
Should we ban human cloning,We should ban human cloning
Should we abandon marriage,We should abandon marriage
Should we ban naturopathy,We should ban naturopathy
Should we ban fast food,We should ban fast food
Should we end the use of economic sanctions,We should end the use of economic sanctions
Should we abolish capital punishment,We should abolish capital punishment
Should we ban factory farming,We should ban factory farming
Should we fight for the abolition of nuclear weapons,We should fight for the abolition of nuclear weapons
Should we prohibit school prayer,We should prohibit school prayer
Should we abolish the three-strikes laws,We should abolish the three-strikes laws
Should the use of public defenders be mandatory,The use of public defenders should be mandatory
Should we adopt an austerity regime,We should adopt an austerity regime
Should we adopt gender-neutral language,We should adopt gender-neutral language
Should we end affirmative action,We should end affirmative action
Should we subsidize journalism,We should subsidize journalism
Should payday loans be banned,Payday loans should be banned
Should surrogacy be banned,Surrogacy should be banned
Should we cancel pride parades,We should cancel pride parades
Should we ban cosmetic surgery for minors,We should ban cosmetic surgery for minors
Should we legalize prostitution,We should legalize prostitution
Should we subsidize embryonic stem cell research,We should subsidize embryonic stem cell research
Should we ban algorithmic trading,We should ban algorithmic trading
Should we legalize organ trade,We should legalize organ trade
Should we legalize cannabis,We should legalize cannabis
Should we ban telemarketing,We should ban telemarketing
Should we abolish the right to keep and bear arms,We should abolish the right to keep and bear arms
Should we ban the Church of Scientology,We should ban the Church of Scientology
Should we legalize polygamy,We should legalize polygamy
Do intelligence tests bring more harm than good?,Intelligence tests bring more harm than good
Should we subsidize Wikipedia,We should subsidize Wikipedia
Should we introduce compulsory voting,We should introduce compulsory voting
Does social media bring more harm than good,Social media brings more harm than good
Should we abolish zoos,We should abolish zoos
Should we adopt a multi-party system,We should adopt a multi-party system
Should we stop the development of autonomous cars,We should stop the development of autonomous cars
Should we abolish the Olympic Games,We should abolish the Olympic Games
Should we close Guantanamo Bay detention camp,We should close Guantanamo Bay detention camp
Should we subsidize space exploration,We should subsidize space exploration
Should we abandon the use of school uniform,We should abandon the use of school uniform
Should we abolish intellectual property rights,We should abolish intellectual property rights
Does foster care bring more harm than good,Foster care brings more harm than good
Should we ban whaling,We should ban whaling
Should we end racial profiling,We should end racial profiling
Should we limit executive compensation,We should limit executive compensation
Should we adopt a zero-tolerance policy in schools,We should adopt a zero-tolerance policy in schools
Should we subsidize stay-at-home dads,We should subsidize stay-at-home dads
Should we ban private military companies,We should ban private military companies
Should we adopt libertarianism,We should adopt libertarianism
Should we abolish safe spaces,We should abolish safe spaces
Should we ban cosmetic surgery,We should ban cosmetic surgery
Should Holocaust denial be a criminal offence,Holocaust denial should be a criminal offence
Should we fight urbanization,We should fight urbanization
Should blockade of the Gaza Strip be ended,Blockade of the Gaza Strip should be ended
Should we ban the use of child actors,We should ban the use of child actors
Should the vow of celibacy be abandoned,The vow of celibacy should be abandoned
Should we prohibit women in combat,We should prohibit women in combat
Should we prohibit flag burning,We should prohibit flag burning
Should we end mandatory retirement,We should end mandatory retirement
Should assisted suicide be a criminal offence,Assisted suicide should be a criminal offence
Should we subsidize vocational education,We should subsidize vocational education
Should we abandon television,We should abandon television
Should we ban targeted killing,We should ban targeted killing
Should we adopt atheism,We should adopt atheism
Should we subsidize student loans,We should subsidize student loans
Should we legalize sex selection,We should legalize sex selection
Should we oppose collectivism,We should oppose collectivism
Should we ban missionary work,We should ban missionary work
Should we limit judicial activism,We should limit judicial activism
Should homeschooling be banned,Homeschooling should be banned
Does homeopathy bring more harm than good,Homeopathy brings more harm than good
Should we abolish the 996 overtime system,We should abolish the 996 overtime system
Should we give up developing electric vehicles,We should give up developing electric vehicles
Should we ban the trading of virtual currencies,We should ban the trading of virtual currencies.
Should we protect our privacy in the Internet age,We should protect our privacy in the Internet age.
Should we restrict minors from playing online games,We should restrict minors from playing online games.
Should we open up three-child policy to encourage childbirth,We should open up three-child policy to encourage childbirth.
Should we prohibit capital monopoly,We should prohibit capital monopoly.
Should we prevent the disorderly expansion of capital,We should prevent the disorderly expansion of capital.
Should we crack down on unreasonably high incomes,We should crack down on unreasonably high incomes.
Should we ease the education involution,We should ease the education involution.
Should we vigorously develop the countryside,We should vigorously develop the countryside.
Should carbon emissions trading be limited,Carbon emissions trading should be limited.
Is human Gene editing a good thing,Human Gene editing is a good thing
Can we rely on Cryptocurrencies like Bitcoins,We can rely on Cryptocurrencies like Bitcoins
Is it right to ban Cattle Slaughter,It is right to ban Cattle Slaughter
Should Hindi be the National language of India,Hindi should be the National language of India
Is India becoming intolerant,India is becoming intolerant
Is the Sabarimala verdict progressive and not a threat to traditions,The Sabarimala verdict is progressive and not a threat to traditions
Are news channels breaking rules to give Breaking news,News channels are breaking rules to give Breaking news
Do MBAs make good business leaders,MBAs do not make good business leaders
Are women better managers than men,Women are better managers than men
Should beauty pageants be banned,Beauty pageants should be banned
Should driverless cars be allowed in India,Driverless cars should be allowed in India
Is the US-Mexico border wall a good thing,US-Mexico border wall is a good thing
Should India accept Rohingya refugees,India should accept Rohingya refugees
Should marital Rape be criminalized in India,Marital Rape should be criminalized in India
Are men silent sufferers in this modern world,Men are silent sufferers in this modern world
Is WikiLeaks a bane,WikiLeaks is not a bane
Is Bullet for Bullet a right policy,&quot;Bullet for Bullet&quot; is a right policy
Should betting and gambling be legalized in India,Betting and gambling should be legalized in India
Should we ban alcohol in India,We should ban alcohol in India
Is technology increasing Unemployment rates,Technology is rising Unemployment rates
Should Chinese products be banned in India,Chinese products should be banned in India
Was Donald Trump's Presidency a good thing,Donald Trump's Presidency was a good thing
Should homeschooling be encouraged in India,Homeschooling should be encouraged in India
Should uniforms be mandatory in schools,Uniforms should be mandatory in schools
Should stray animals be killed,Stray animals should be killed
Should temples in India have Gender-Specific rules,Temples in India can have Gender-Specific rules
Is experimenting on Animals fair,Experimenting on Animals is fair
Should rapists be tortured,Rapists should be tortured
Should the Internet be censored,The Internet should be censored
Should we ban kids' reality shows,We should ban kids' reality shows
Is censorship of movies an outdated concept,Censorship of movies is an outdated concept
Should military training be made compulsory for all in India,Military training should be made compulsory for all in India
Should Aadhaar be made mandatory in India,Aadhaar should be made mandatory in India
Should adultery be criminalized,Adultery should be criminalized
Should women be in combat roles,Women can be in combat roles
Should organ donation be made compulsory,Organ donation should be made compulsory
Should reservations in India be based on economic status,Reservations in India should be based on economic status
Should there be a ban on Bandhs,There should be a ban on Bandhs
Does nepotism exist in Bollywood,Nepotism exists in Bollywood
Is India safe for women,India is safe for women